{"cameraMode":{"drawMode":0,"name":"Shaded","section":"Shading Mode"},"sceneLighting":false,"audioPlay":false,"sceneViewState":{"showFog":true,"showMaterialUpdate":false,"showSkybox":false,"showFlares":true,"showImageEffects":true,"showParticleSystems":true},"in2DMode":false,"pivot":{"x":0.0002834796905517578,"y":-0.09696626663208008,"z":0.0},"rotation":{"x":0.0030469531193375589,"y":-0.9943899512290955,"z":0.029840609058737756,"w":0.10147348046302796},"size":1.646634817123413,"orthographic":false}